<?xml version="1.0" encoding="UTF-8"?>
<rdf:RDF
   xmlns:citoterms="http://purl.org/spar/cito/"
   xmlns:dc="http://purl.org/dc/elements/1.1/"
   xmlns:dcterms="http://purl.org/dc/terms/"
   xmlns:foaf="http://xmlns.com/foaf/0.1/"
   xmlns:ore="http://www.openarchives.org/ore/terms/"
   xmlns:rdf="http://www.w3.org/1999/02/22-rdf-syntax-ns#"
   xmlns:rdfs1="http://www.w3.org/2001/01/rdf-schema#"
>
  <rdf:Description rdf:about="http://www.hydroshare.org/resource/ece1de5928c84fdda155f38a52e93310/data/contents/Tx_Counties_all.shp.xml">
    <dc:format>application/xml</dc:format>
    <ore:isAggregatedBy>http://www.hydroshare.org/resource/ece1de5928c84fdda155f38a52e93310/data/resourcemap.xml#aggregation</ore:isAggregatedBy>
  </rdf:Description>
  <rdf:Description rdf:about="http://www.hydroshare.org/resource/ece1de5928c84fdda155f38a52e93310/data/contents/Tx_Counties_all.shx">
    <dc:format>application/x-qgis</dc:format>
    <ore:isAggregatedBy>http://www.hydroshare.org/resource/ece1de5928c84fdda155f38a52e93310/data/resourcemap.xml#aggregation</ore:isAggregatedBy>
  </rdf:Description>
  <rdf:Description rdf:about="http://www.hydroshare.org/resource/ece1de5928c84fdda155f38a52e93310/data/contents/Tx_Counties_all.sbx">
    <dc:format>application/sbx</dc:format>
    <ore:isAggregatedBy>http://www.hydroshare.org/resource/ece1de5928c84fdda155f38a52e93310/data/resourcemap.xml#aggregation</ore:isAggregatedBy>
  </rdf:Description>
  <rdf:Description rdf:about="http://www.hydroshare.org/resource/ece1de5928c84fdda155f38a52e93310/data/contents/Tx_Counties_all.cpg">
    <ore:isAggregatedBy>http://www.hydroshare.org/resource/ece1de5928c84fdda155f38a52e93310/data/resourcemap.xml#aggregation</ore:isAggregatedBy>
    <dc:format>application/cpg</dc:format>
  </rdf:Description>
  <rdf:Description rdf:about="http://www.hydroshare.org/terms/GeographicFeatureResource">
    <rdfs1:isDefinedBy>http://www.hydroshare.org/terms</rdfs1:isDefinedBy>
    <rdfs1:label>Geographic Feature (ESRI Shapefiles)</rdfs1:label>
  </rdf:Description>
  <rdf:Description rdf:about="http://www.openarchives.org/ore/terms/ResourceMap">
    <rdfs1:isDefinedBy>http://www.openarchives.org/ore/terms/</rdfs1:isDefinedBy>
    <rdfs1:label>ResourceMap</rdfs1:label>
  </rdf:Description>
  <rdf:Description rdf:about="http://www.hydroshare.org/resource/ece1de5928c84fdda155f38a52e93310/data/contents/Tx_Counties_all.dbf">
    <dc:format>application/dbf</dc:format>
    <ore:isAggregatedBy>http://www.hydroshare.org/resource/ece1de5928c84fdda155f38a52e93310/data/resourcemap.xml#aggregation</ore:isAggregatedBy>
  </rdf:Description>
  <rdf:Description rdf:about="http://www.hydroshare.org/resource/ece1de5928c84fdda155f38a52e93310/data/contents/Tx_Counties_all.shp">
    <ore:isAggregatedBy>http://www.hydroshare.org/resource/ece1de5928c84fdda155f38a52e93310/data/resourcemap.xml#aggregation</ore:isAggregatedBy>
    <dc:format>application/x-qgis</dc:format>
  </rdf:Description>
  <rdf:Description rdf:about="http://www.hydroshare.org/resource/ece1de5928c84fdda155f38a52e93310/data/resourcemap.xml">
    <ore:describes rdf:resource="http://www.hydroshare.org/resource/ece1de5928c84fdda155f38a52e93310/data/resourcemap.xml#aggregation"/>
    <dc:identifier>ece1de5928c84fdda155f38a52e93310</dc:identifier>
    <dcterms:created>2017-10-17T14:18:36Z</dcterms:created>
    <rdf:type rdf:resource="http://www.openarchives.org/ore/terms/ResourceMap"/>
    <dc:creator rdf:resource="http://foresite-toolkit.googlecode.com/#pythonAgent"/>
    <dcterms:modified>2017-10-17T14:18:36Z</dcterms:modified>
    <dc:format>application/rdf+xml</dc:format>
  </rdf:Description>
  <rdf:Description rdf:about="http://www.hydroshare.org/resource/ece1de5928c84fdda155f38a52e93310/data/resourcemap.xml#aggregation">
    <ore:aggregates rdf:resource="http://www.hydroshare.org/resource/ece1de5928c84fdda155f38a52e93310/data/contents/Tx_Counties_all.shx"/>
    <ore:aggregates rdf:resource="http://www.hydroshare.org/resource/ece1de5928c84fdda155f38a52e93310/data/contents/Tx_Counties_all.cpg"/>
    <ore:aggregates rdf:resource="http://www.hydroshare.org/resource/ece1de5928c84fdda155f38a52e93310/data/contents/Tx_Counties_all.shp"/>
    <ore:isDescribedBy>http://www.hydroshare.org/resource/ece1de5928c84fdda155f38a52e93310/data/resourcemap.xml</ore:isDescribedBy>
    <citoterms:isDocumentedBy>http://www.hydroshare.org/resource/ece1de5928c84fdda155f38a52e93310/data/resourcemetadata.xml</citoterms:isDocumentedBy>
    <ore:aggregates rdf:resource="http://www.hydroshare.org/resource/ece1de5928c84fdda155f38a52e93310/data/resourcemetadata.xml"/>
    <dc:title>Texas Counties (all)</dc:title>
    <ore:aggregates rdf:resource="http://www.hydroshare.org/resource/ece1de5928c84fdda155f38a52e93310/data/contents/Tx_Counties_all.shp.xml"/>
    <ore:aggregates rdf:resource="http://www.hydroshare.org/resource/ece1de5928c84fdda155f38a52e93310/data/contents/Tx_Counties_all.prj"/>
    <ore:aggregates rdf:resource="http://www.hydroshare.org/resource/ece1de5928c84fdda155f38a52e93310/data/contents/Tx_Counties_all.dbf"/>
    <ore:aggregates rdf:resource="http://www.hydroshare.org/resource/ece1de5928c84fdda155f38a52e93310/data/contents/Tx_Counties_all.sbn"/>
    <dcterms:type rdf:resource="http://www.hydroshare.org/terms/GeographicFeatureResource"/>
    <ore:aggregates rdf:resource="http://www.hydroshare.org/resource/ece1de5928c84fdda155f38a52e93310/data/contents/Tx_Counties_all.sbx"/>
        <rdf:type rdf:resource="http://www.openarchives.org/ore/terms/Aggregation"/>
  </rdf:Description>
  <rdf:Description rdf:about="http://foresite-toolkit.googlecode.com/#pythonAgent">
    <foaf:mbox>foresite@googlegroups.com</foaf:mbox>
    <foaf:name>Foresite Toolkit (Python)</foaf:name>
  </rdf:Description>
  <rdf:Description rdf:about="http://www.hydroshare.org/resource/ece1de5928c84fdda155f38a52e93310/data/resourcemetadata.xml">
    <dc:title>Dublin Core science metadata document describing the HydroShare resource</dc:title>
    <dc:format>application/rdf+xml</dc:format>
    <citoterms:documents>http://www.hydroshare.org/resource/ece1de5928c84fdda155f38a52e93310/data/resourcemap.xml#aggregation</citoterms:documents>
    <ore:isAggregatedBy>http://www.hydroshare.org/resource/ece1de5928c84fdda155f38a52e93310/data/resourcemap.xml#aggregation</ore:isAggregatedBy>
  </rdf:Description>
  <rdf:Description rdf:about="http://www.hydroshare.org/resource/ece1de5928c84fdda155f38a52e93310/data/contents/Tx_Counties_all.prj">
    <dc:format>application/prj</dc:format>
    <ore:isAggregatedBy>http://www.hydroshare.org/resource/ece1de5928c84fdda155f38a52e93310/data/resourcemap.xml#aggregation</ore:isAggregatedBy>
  </rdf:Description>
  <rdf:Description rdf:about="http://www.hydroshare.org/resource/ece1de5928c84fdda155f38a52e93310/data/contents/Tx_Counties_all.sbn">
    <ore:isAggregatedBy>http://www.hydroshare.org/resource/ece1de5928c84fdda155f38a52e93310/data/resourcemap.xml#aggregation</ore:isAggregatedBy>
    <dc:format>application/sbn</dc:format>
  </rdf:Description>
  <rdf:Description rdf:about="http://www.openarchives.org/ore/terms/Aggregation">
    <rdfs1:label>Aggregation</rdfs1:label>
    <rdfs1:isDefinedBy>http://www.openarchives.org/ore/terms/</rdfs1:isDefinedBy>
  </rdf:Description>
</rdf:RDF>
